{"cameraMode":{"drawMode":0,"name":"Shaded","section":"Shading Mode"},"sceneLighting":false,"audioPlay":false,"sceneViewState":{"showFog":true,"showMaterialUpdate":false,"showSkybox":false,"showFlares":true,"showImageEffects":true,"showParticleSystems":true},"in2DMode":false,"pivot":{"x":-1.1920928955078126e-7,"y":0.8242800235748291,"z":-0.2314571589231491},"rotation":{"x":-0.3437686860561371,"y":-0.04308493807911873,"z":0.015791235491633416,"w":-0.9379433989524841},"size":1.091078758239746,"orthographic":false}