{"cameraMode":{"drawMode":0,"name":"Shaded","section":"Shading Mode"},"sceneLighting":false,"audioPlay":false,"sceneViewState":{"showFog":true,"showMaterialUpdate":false,"showSkybox":false,"showFlares":true,"showImageEffects":true,"showParticleSystems":true},"in2DMode":false,"pivot":{"x":-0.01289600133895874,"y":0.17100000381469727,"z":0.052346453070640567},"rotation":{"x":-0.214504212141037,"y":-0.03310639411211014,"z":0.007276985794305801,"w":-0.976140558719635},"size":0.2910531163215637,"orthographic":false}