{"cameraMode":{"drawMode":0,"name":"Shaded","section":"Shading Mode"},"sceneLighting":false,"audioPlay":false,"sceneViewState":{"showFog":true,"showMaterialUpdate":false,"showSkybox":false,"showFlares":true,"showImageEffects":true,"showParticleSystems":true},"in2DMode":false,"pivot":{"x":1.2514736652374268,"y":-1.8524894714355469,"z":-0.2657661437988281},"rotation":{"x":-0.3342517018318176,"y":-0.002265138318762183,"z":0.0008031287579797208,"w":-0.9424876570701599},"size":21.37116050720215,"orthographic":false}